LoveMyRoomie,2016,"Brooklyn, New York, USA"
MyCurrentSituation: Atlanta,2016,"Atlanta Georgia, USA"
MyCurrentSituation: Atlanta,2016,"Memphis, Tennessee, USA"
SmurTv,2016,"Roanoke, Virginia, USA"
SmurTv,2016,"Charlotte, North Carolina, USA"
SmurTv,2016,"Atlanta, Georgia, USA"
SpongeyLeaks,2016,"Northridge, California, USA"
SpongeyLeaks,2016,"Northridge, California, USA"
VanLifeAttila,2016,Canada
VanLifeAttila,2016,"California, USA"
VanLifeAttila,2016,Europe
"VanLifeAttila"" (2016) {""Over", Fil,"Wells, British Columbia, Canada"
"VanLifeAttila"" (2016) {""Over", Fil,Barkerville Highway
VanLifeAttila,2016,"Wells, British Columbia, Canada"
VanLifeAttila,2016,Barkerville Highway
VanLifeAttila,2016,"Burnaby, British Columbia, Canada"
VanLifeAttila,2016,"Coquitlam, British Columbia, Canada"
VanLifeAttila,2016,"Wells, British Columbia, Canada"
VanLifeAttila,2016,"Quesnel, British Columbia, Canada"
VanLifeAttila,2016,"Barkerville, British Columbia, Canada"
VanLifeAttila,2016,"Vancouver, British Columbia, Canada"
VanLifeAttila,2016,"Vancouver, British Columbia, Canada"
VanLifeAttila,2016,"Wells, British Columbia, Canada"
VanLifeAttila,2016,"Wells, British Columbia, Canada"
VanLifeAttila,2016,"Barkerville, British Columbia, Canada"
VanLifeAttila,2016,"North Vancouver, British Columbia, Canada"
VanLifeAttila,2016,"North Vancouver, British Columbia, Canada"
VanLifeAttila,2016,"North Vancouver, British Columbia, Canada"
VanLifeAttila,2016,"Vancouver, British Columbia, Canada"
VanLifeAttila,2016,"Wells, British Columbia, Canada"
VanLifeAttila,2016,"Barkerville, British Columbia, Canada"
VanLifeAttila,2016,"Quesnel, British Columbia, Canada"
VanLifeAttila,2016,"Kelowna, British Columbia, Canada"
VanLifeAttila,2016,"Wells, British Columbia, Canada"
VanLifeAttila,2016,"Coquitlam, British Columbia, Canada"
VanLifeAttila,2016,"Coquitlam, British Columbia, Canada"
VanLifeAttila,2016,"Wells, British Columbia, Canada"
VanLifeAttila,2016,"Wells, British Columbia, Canada"
VanLifeAttila,2016,"Wells, British Columbia, Canada"
VanLifeAttila,2016,"Barkerville, British Columbia, Canada"
VanLifeAttila,2016,"Richmond, British Columbia, Canada"
VanLifeAttila,2016,"Vancouver, British Columbia, Canada"
VanLifeAttila,2016,Barkerville Highway
VanLifeAttila,2016,"Wells, British Columbia, Canada"
VanLifeAttila,2016,"Barkerville, British Columbia, Canada"
VanLifeAttila,2016,"Wells, British Columbia, Canada"
VanLifeAttila,2016,"Barkerville, British Columbia, Canada"
VanLifeAttila,2016,"Sicamous, British Columbia, Canada"
VanLifeAttila,2016,"Calgary, Alberta, Canada"
VanLifeAttila,2016,"Vancouver, British Columbia, Canada"
VanLifeAttila,2016,"Hope, British Columbia, Canada"
VanLifeAttila,2016,"Barkerville, British Columbia, Canada"
VanLifeAttila,2016,"Barkerville, British Columbia, Canada"
VanLifeAttila,2016,"Sicamous, British Columbia, Canada"
VanLifeAttila,2016,"Wells, British Columbia, Canada"
VanLifeAttila,2016,"Barkerville, British Columbia, Canada"
VanLifeAttila,2016,"Burnaby, British Columbia, Canada"
VanLifeAttila,2016,"North Vancouver, British Columbia, Canada"
VanLifeAttila,2016,"Barkerville, British Columbia, Canada"
VanLifeAttila,2016,"Vancouver, British Columbia, Canada"
VanLifeAttila,2016,"Wells, British Columbia, Canada"
VanLifeAttila,2016,"Vancouver, British Columbia, Canada"
VanLifeAttila,2016,"Stanley Park, Vancouver, British Columbia, Canada"
VanLifeAttila,2016,"Alberta, Canada"
VanLifeAttila,2016,"Vancouver, British Columbia, Canada"
VanLifeAttila,2016,"Budapest, Hungary"
VanLifeAttila,2016,"Budapest, Hungary"
VanLifeAttila,2016,Barkerville Highway
VanLifeAttila,2016,"Barkerville, British Columbia, Canada"
VanLifeAttila,2016,"Wells, British Columbia, Canada"
VanLifeAttila,2016,"Barkerville, British Columbia, Canada"
VanLifeAttila,2016,"Vancouver, British Columbia, Canada"
VanLifeAttila,2016,"Barkerville, British Columbia, Canada"
VanLifeAttila,2016,"Coquitlam, British Columbia, Canada"
VanLifeAttila,2016,"North Vancouver, British Columbia, Canada"
VanLifeAttila,2016,"Vancouver, British Columbia, Canada"
VanLifeAttila,2016,"Barkerville, British Columbia, Canada"
VanLifeAttila,2016,"Barkerville, British Columbia, Canada"
VanLifeAttila,2016,"Stanley, British Columbia, Canada"
VanLifeAttila,2016,"Quesnel, British Columbia, Canada"
VanLifeAttila,2016,"Barkerville, British Columbia, Canada"
VanLifeAttila,2016,"Wells, British Columbia, Canada"
VanLifeAttila,2016,"Wendle Lake, British Columbia, Canada"
VanLifeAttila,2016,"Barkerville, British Columbia, Canada"
VanLifeAttila,2016,"Wells, British Columbia, Canada"
VanLifeAttila,2016,"Wells, British Columbia, Canada"
VanLifeAttila,2016,"Quesnel, British Columbia, Canada"
VanLifeAttila,2016,"Barkerville, British Columbia, Canada"
VanLifeAttila,2016,"Wells, British Columbia, Canada"
VanLifeAttila,2016,"Quesnel, British Columbia, Canada"
VanLifeAttila,2016,"Barkerville, British Columbia, Canada"
VanLifeAttila,2016,"Wells, British Columbia, Canada"
VanLifeAttila,2016,"Barkerville, British Columbia, Canada"
VanLifeAttila,2016,Barkerville Highway
VanLifeAttila,2016,"Boston Bar, British Columbia, Canada"
VanLifeAttila,2016,"Barkerville, British Columbia, Canada"
VanLifeAttila,2016,"Barkerville, British Columbia, Canada"
VanLifeAttila,2016,"Barkerville, British Columbia, Canada"
